unnamed:_0,filing_date,trade_date,ticker,insider_name,insider_title,trade_type,price,qty,owned,δown%,value,trade_price,trade_value,delta_own_pct,trade_date_ddmmyyyy,filing_date_ddmmyyyy,calc_value,value_abs_diff,filing_day,trade_day,filing_minutes,event_day,filing_delay_days,is_signal,is_buy,is_sell,role_bucket
,2026-02-19 17:36:59,2026-02-19,JPM,Leopold Robin,Head of HR,S,$307.14,-432.0,83755.0,-0.01,"-$132,684",307.14,-132684.0,-0.0001,19/02/2026,19/02/2026,-132684.47999999998,0.4799999999813735,2026-02-19,2026-02-19,1056,2026-02-20,0,True,False,True,Other
,2026-02-19 17:33:57,2026-02-19,JPM,Rohrbaugh Troy L,Co-CEO CIB,S,$307.11,-50000.0,111371.0,-0.31,"-$15,355,670",307.11,-15355670.0,-0.0031,19/02/2026,19/02/2026,-15355500.0,170.0,2026-02-19,2026-02-19,1053,2026-02-20,0,True,False,True,CEO/COB
,2026-02-19 17:19:53,2026-02-19,JPM,Dimon James,"COB, CEO",S,$307.19,-69512.0,6275645.0,-0.01,"-$21,353,561",307.19,-21353561.0,-0.0001,19/02/2026,19/02/2026,-21353391.28,169.7199999988079,2026-02-19,2026-02-19,1039,2026-02-20,0,True,False,True,CEO/COB
,2026-02-17 17:21:20,2026-02-17,JPM,Petno Douglas B,Co-CEO CIB,S,$306.40,-3487.0,435285.0,-0.01,"-$1,068,429",306.4,-1068429.0,-0.0001,17/02/2026,17/02/2026,-1068416.7999999998,12.200000000186265,2026-02-17,2026-02-17,1041,2026-02-18,0,True,False,True,CEO/COB
,2026-02-17 17:21:19,2026-02-17,JPM,Erdoes Mary E.,"CEO Asset, Wealth Management",S,$306.41,-5731.0,613405.0,-0.01,"-$1,756,046",306.41,-1756046.0,-0.0001,17/02/2026,17/02/2026,-1756035.7100000002,10.289999999804422,2026-02-17,2026-02-17,1041,2026-02-18,0,True,False,True,CEO/COB
,2026-02-17 17:21:18,2026-02-17,JPM,Beer Lori A,CIO,S,$306.40,-2047.0,60452.0,-0.03,"-$627,207",306.4,-627207.0,-0.0003,17/02/2026,17/02/2026,-627200.7999999999,6.200000000069849,2026-02-17,2026-02-17,1041,2026-02-18,0,True,False,True,Other
,2026-02-17 17:21:16,2026-02-17,JPM,Barnum Jeremy,CFO,S,$306.42,-2892.0,23804.0,-0.11,"-$886,157",306.42,-886157.0,-0.0011,17/02/2026,17/02/2026,-886166.64,9.64000000001397,2026-02-17,2026-02-17,1041,2026-02-18,0,True,False,True,CFO
,2026-02-17 17:21:15,2026-02-17,JPM,Lake Marianne,CEO CCB,S,$306.41,-3907.0,249587.0,-0.02,"-$1,197,158",306.41,-1197158.0,-0.0002,17/02/2026,17/02/2026,-1197143.87,14.12999999988824,2026-02-17,2026-02-17,1041,2026-02-18,0,True,False,True,CEO/COB
,2026-02-17 17:21:12,2026-02-17,JPM,Friedman Stacey,GC,S,$306.40,-3404.0,125689.0,-0.03,"-$1,042,985",306.4,-1042985.0,-0.0003,17/02/2026,17/02/2026,-1042985.6,0.5999999999767169,2026-02-17,2026-02-17,1041,2026-02-18,0,True,False,True,Other
,2026-01-16 18:02:28,2026-01-16,JPM,Piepszak Jennifer,COO,S,$312.79,-8571.0,71027.0,-0.11,"-$2,680,888",312.79,-2680888.0,-0.0011,16/01/2026,16/01/2026,-2680923.0900000003,35.09000000031665,2026-01-16,2026-01-16,1082,2026-01-20,0,True,False,True,Other
,2026-01-16 18:02:27,2026-01-16,JPM,Petno Douglas B,Co-CEO CIB,S,$312.80,-3487.0,439583.0,-0.01,"-$1,090,728",312.8,-1090728.0,-0.0001,16/01/2026,16/01/2026,-1090733.6,5.600000000093132,2026-01-16,2026-01-16,1082,2026-01-20,0,True,False,True,CEO/COB
,2026-01-16 18:02:26,2026-01-16,JPM,Lake Marianne,CEO CCB,S,$312.78,-3908.0,253494.0,-0.02,"-$1,222,353",312.78,-1222353.0,-0.0002,16/01/2026,16/01/2026,-1222344.24,8.760000000009313,2026-01-16,2026-01-16,1082,2026-01-20,0,True,False,True,CEO/COB
,2026-01-16 18:02:24,2026-01-16,JPM,Friedman Stacey,GC,S,$312.80,-3404.0,129093.0,-0.03,"-$1,064,758",312.8,-1064758.0,-0.0003,16/01/2026,16/01/2026,-1064771.2,13.199999999953434,2026-01-16,2026-01-16,1082,2026-01-20,0,True,False,True,Other
,2026-01-16 18:02:23,2026-01-16,JPM,Erdoes Mary E.,"CEO Asset, Wealth Management",S,$312.78,-5732.0,619136.0,-0.01,"-$1,792,878",312.78,-1792878.0,-0.0001,16/01/2026,16/01/2026,-1792854.9599999995,23.040000000270084,2026-01-16,2026-01-16,1082,2026-01-20,0,True,False,True,CEO/COB
,2026-01-16 18:02:21,2026-01-16,JPM,Beer Lori A,CIO,S,$312.80,-2047.0,62499.0,-0.03,"-$640,295",312.8,-640295.0,-0.0003,16/01/2026,16/01/2026,-640301.6,6.599999999976717,2026-01-16,2026-01-16,1082,2026-01-20,0,True,False,True,Other
,2026-01-16 18:02:20,2026-01-16,JPM,Barnum Jeremy,CFO,S,$312.79,-2893.0,26696.0,-0.1,"-$904,890",312.79,-904890.0,-0.001,16/01/2026,16/01/2026,-904901.47,11.470000000088476,2026-01-16,2026-01-16,1082,2026-01-20,0,True,False,True,CFO
,2026-01-16 18:02:19,2026-01-16,JPM,Bacon Ashley,Chief Risk Officer,S,$312.79,-7364.0,237157.0,-0.03,"-$2,303,393",312.79,-2303393.0,-0.0003,16/01/2026,16/01/2026,-2303385.56,7.439999999944121,2026-01-16,2026-01-16,1082,2026-01-20,0,True,False,True,Other Chief
,2025-11-07 17:45:29,2025-11-07,JPM,Leopold Robin,Head of HR,S,$311.92,-966.0,77145.0,-0.01,"-$301,311",311.92,-301311.0,-0.0001,07/11/2025,07/11/2025,-301314.72000000003,3.720000000030268,2025-11-07,2025-11-07,1065,2025-11-10,0,True,False,True,Other
,2025-09-02 16:54:38,2025-09-02,JPM,Bammann Linda,Dir,S,$297.94,-9500.0,82207.0,-0.1,"-$2,830,472",297.94,-2830472.0,-0.001,02/09/2025,02/09/2025,-2830430.0,42.0,2025-09-02,2025-09-02,1014,2025-09-03,0,True,False,True,Director
,2025-06-12 16:41:11,2025-06-12,JPM,Bacon Ashley,Chief Risk Officer,S,$267.44,-5201.0,229791.0,-0.02,"-$1,390,972",267.44,-1390972.0,-0.0002,12/06/2025,12/06/2025,-1390955.44,16.56000000005588,2025-06-12,2025-06-12,1001,2025-06-13,0,True,False,True,Other Chief
,2025-06-05 18:04:18,2025-06-05,JPM,Piepszak Jennifer,COO,S,$262.47,-6128.0,62455.0,-0.09,"-$1,608,424",262.47,-1608424.0,-0.0009,05/06/2025,05/06/2025,-1608416.16,7.839999999850988,2025-06-05,2025-06-05,1084,2025-06-06,0,True,False,True,Other
,2025-05-20 17:19:32,2025-05-20,JPM,Friedman Stacey,GC,S,$265.71,-9429.0,118881.0,-0.07,"-$2,505,410",265.71,-2505410.0,-0.0007,20/05/2025,20/05/2025,-2505379.59,30.41000000014901,2025-05-20,2025-05-20,1039,2025-05-21,0,True,False,True,Other
,2025-05-16 17:12:56,2025-05-16,JPM,Lake Marianne,CEO CCB,S,$267.08,-12274.0,241771.0,-0.05,"-$3,278,087",267.08,-3278087.0,-0.0005,16/05/2025,16/05/2025,-3278139.92,52.91999999992549,2025-05-16,2025-05-16,1032,2025-05-19,0,True,False,True,CEO/COB
,2025-05-16 16:56:24,2025-05-16,JPM,Beer Lori A,CIO,S,$267.09,-5873.0,56356.0,-0.09,"-$1,568,605",267.09,-1568605.0,-0.0009,16/05/2025,16/05/2025,-1568619.5699999998,14.569999999832362,2025-05-16,2025-05-16,1016,2025-05-19,0,True,False,True,Other
,2025-05-15 17:45:05,2025-05-15,JPM,Petno Douglas B,Co-CEO CIB,S,$266.89,-10141.0,431612.0,-0.02,"-$2,706,562",266.89,-2706562.0,-0.0002,15/05/2025,15/05/2025,-2706531.49,30.510000000242144,2025-05-15,2025-05-15,1065,2025-05-16,0,True,False,True,CEO/COB
,2025-05-13 18:13:47,2025-05-13,JPM,Erdoes Mary E.,"CEO Asset, Wealth Management",S,$262.54,-14055.0,608410.0,-0.02,"-$3,689,941",262.54,-3689941.0,-0.0002,13/05/2025,13/05/2025,-3689999.7,58.700000000186265,2025-05-13,2025-05-13,1093,2025-05-14,0,True,False,True,CEO/COB
,2025-05-13 18:13:46,2025-05-13,JPM,Bacon Ashley,Chief Risk Officer,S,$262.53,-5202.0,234992.0,-0.02,"-$1,365,656",262.53,-1365656.0,-0.0002,13/05/2025,13/05/2025,-1365681.0599999998,25.05999999982305,2025-05-13,2025-05-13,1093,2025-05-14,0,True,False,True,Other Chief
,2025-05-12 16:23:11,2025-05-12,JPM,Rohrbaugh Troy L,Co-CEO CIB,S,$263.08,-12500.0,151217.0,-0.08,"-$3,288,444",263.08,-3288444.0,-0.0008,12/05/2025,12/05/2025,-3288500.0,56.0,2025-05-12,2025-05-12,983,2025-05-13,0,True,False,True,CEO/COB
,2025-05-06 20:34:17,2025-05-06,JPM,Barnum Jeremy,CFO,S,$250.77,-40014.0,18017.0,-0.69,"-$10,034,435",250.77,-10034435.0,-0.0069,06/05/2025,06/05/2025,-10034310.78,124.2199999988079,2025-05-06,2025-05-06,1234,2025-05-07,0,True,False,True,CFO
,2025-05-06 20:32:14,2025-05-06,JPM,Piepszak Jennifer,COO,S,$250.76,-6129.0,68583.0,-0.08,"-$1,536,931",250.76,-1536931.0,-0.0008,06/05/2025,06/05/2025,-1536908.04,22.959999999962747,2025-05-06,2025-05-06,1232,2025-05-07,0,True,False,True,Other
,2025-05-06 17:45:03,2025-05-06,JPM,Bammann Linda,Dir,S,$250.00,-9500.0,91539.0,-0.09,"-$2,375,000",250.0,-2375000.0,-0.0009,06/05/2025,06/05/2025,-2375000.0,0.0,2025-05-06,2025-05-06,1065,2025-05-07,0,True,False,True,Director
,2025-04-14 17:47:55,2025-04-14,JPM,Dimon James,"COB, CEO",S,$235.68,-133639.0,6472819.0,-0.02,"-$31,495,692",235.68,-31495692.0,-0.0002,14/04/2025,14/04/2025,-31496039.52,347.51999999955297,2025-04-14,2025-04-14,1067,2025-04-15,0,True,False,True,CEO/COB
,2025-03-24 17:45:22,2025-03-24,JPM,Rohrbaugh Troy L,Co-CEO CIB,S,$247.02,-25000.0,133472.0,-0.16,"-$6,175,485",247.02,-6175485.0,-0.0016,24/03/2025,24/03/2025,-6175500.0,15.0,2025-03-24,2025-03-24,1065,2025-03-25,0,True,False,True,CEO/COB
,2025-03-24 17:45:21,2025-03-24,JPM,Beer Lori A,CIO,S,$246.93,-2052.0,50482.0,-0.04,"-$506,698",246.93,-506698.0,-0.0004,24/03/2025,24/03/2025,-506700.36,2.35999999998603,2025-03-24,2025-03-24,1065,2025-03-25,0,True,False,True,Other
,2025-03-24 17:45:20,2025-03-24,JPM,Piepszak Jennifer,COO,S,$247.03,-4272.0,50197.0,-0.08,"-$1,055,314",247.03,-1055314.0,-0.0008,24/03/2025,24/03/2025,-1055312.16,1.840000000083819,2025-03-24,2025-03-24,1065,2025-03-25,0,True,False,True,Other
,2025-03-24 17:45:19,2025-03-24,JPM,Leopold Robin,Head of HR,S,$246.92,-1250.0,67793.0,-0.02,"-$308,652",246.92,-308652.0,-0.0002,24/03/2025,24/03/2025,-308650.0,2.0,2025-03-24,2025-03-24,1065,2025-03-25,0,True,False,True,Other
,2025-02-20 18:51:38,2025-02-20,JPM,Rohrbaugh Troy L,Co-CEO CIB,S,$269.84,-37500.0,158472.0,-0.19,"-$10,118,869",269.84,-10118869.0,-0.0019,20/02/2025,20/02/2025,-10118999.999999998,130.99999999813735,2025-02-20,2025-02-20,1131,2025-02-21,0,True,False,True,CEO/COB
,2025-02-20 18:49:34,2025-02-20,JPM,Beer Lori A,CIO,S,$269.88,-2053.0,52534.0,-0.04,"-$554,054",269.88,-554054.0,-0.0004,20/02/2025,20/02/2025,-554063.64,9.64000000001397,2025-02-20,2025-02-20,1129,2025-02-21,0,True,False,True,Other
,2025-02-20 18:43:26,2025-02-20,JPM,Piepszak Jennifer,COO,S,$269.85,-4273.0,54469.0,-0.07,"-$1,153,078",269.85,-1153078.0,-0.0007,20/02/2025,20/02/2025,-1153069.05,8.949999999953434,2025-02-20,2025-02-20,1123,2025-02-21,0,True,False,True,Other
,2025-02-20 18:41:23,2025-02-20,JPM,Leopold Robin,Head of HR,S,$270.09,-1250.0,69043.0,-0.02,"-$337,610",270.09,-337610.0,-0.0002,20/02/2025,20/02/2025,-337612.49999999994,2.4999999999417923,2025-02-20,2025-02-20,1121,2025-02-21,0,True,False,True,Other
,2025-02-20 18:21:49,2025-02-20,JPM,Dimon James,"COB, CEO",S,$269.84,-866361.0,6605306.0,-0.12,"-$233,776,513",269.84,-233776513.0,-0.0012,20/02/2025,20/02/2025,-233778852.24,2339.2399999797344,2025-02-20,2025-02-20,1101,2025-02-21,0,True,False,True,CEO/COB
,2025-02-19 16:21:30,2025-02-18,JPM,Erdoes Mary E.,"CEO Asset, Wealth Management",S,$278.37,-5277.0,594354.0,-0.01,"-$1,468,971",278.37,-1468971.0,-0.0001,18/02/2025,19/02/2025,-1468958.49,12.510000000009311,2025-02-19,2025-02-18,981,2025-02-20,1,True,False,True,CEO/COB
,2025-02-19 16:21:29,2025-02-18,JPM,Petno Douglas B,Co-CEO CIB,S,$278.41,-3490.0,421471.0,-0.01,"-$971,646",278.41,-971646.0,-0.0001,18/02/2025,19/02/2025,-971650.9,4.900000000139698,2025-02-19,2025-02-18,981,2025-02-20,1,True,False,True,CEO/COB
,2025-02-19 16:21:25,2025-02-18,JPM,Friedman Stacey,GC,S,$278.34,-3303.0,109451.0,-0.03,"-$919,371",278.34,-919371.0,-0.0003,18/02/2025,19/02/2025,-919357.02,13.980000000097789,2025-02-19,2025-02-18,981,2025-02-20,1,True,False,True,Other
,2025-02-19 16:21:16,2025-02-18,JPM,Lake Marianne,CEO CCB,S,$278.36,-4232.0,229497.0,-0.02,"-$1,178,009",278.36,-1178009.0,-0.0002,18/02/2025,19/02/2025,-1178019.52,10.520000000018626,2025-02-19,2025-02-18,981,2025-02-20,1,True,False,True,CEO/COB
,2025-01-16 18:00:38,2025-01-16,JPM,Lake Marianne,CEO CCB,S,$254.01,-4233.0,233729.0,-0.02,"-$1,075,203",254.01,-1075203.0,-0.0002,16/01/2025,16/01/2025,-1075224.33,21.330000000074502,2025-01-16,2025-01-16,1080,2025-01-17,0,True,False,True,CEO/COB
,2025-01-16 18:00:35,2025-01-16,JPM,Petno Douglas B,Co-CEO CIB,S,$253.96,-3491.0,424961.0,-0.01,"-$886,565",253.96,-886565.0,-0.0001,16/01/2025,16/01/2025,-886574.36,9.35999999998603,2025-01-16,2025-01-16,1080,2025-01-17,0,True,False,True,CEO/COB
,2025-01-16 18:00:33,2025-01-16,JPM,Friedman Stacey,GC,S,$253.94,-3303.0,112754.0,-0.03,"-$838,778",253.94,-838778.0,-0.0003,16/01/2025,16/01/2025,-838763.82,14.180000000051225,2025-01-16,2025-01-16,1080,2025-01-17,0,True,False,True,Other
,2025-01-16 18:00:32,2025-01-16,JPM,Erdoes Mary E.,"CEO Asset, Wealth Management",S,$253.97,-5277.0,599631.0,-0.01,"-$1,340,216",253.97,-1340216.0,-0.0001,16/01/2025,16/01/2025,-1340199.69,16.31000000005588,2025-01-16,2025-01-16,1080,2025-01-17,0,True,False,True,CEO/COB
,2025-01-16 18:00:29,2025-01-16,JPM,Bacon Ashley,Chief Risk Officer,S,$253.94,-7122.0,219388.0,-0.03,"-$1,808,591",253.94,-1808591.0,-0.0003,16/01/2025,16/01/2025,-1808560.68,30.320000000065196,2025-01-16,2025-01-16,1080,2025-01-17,0,True,False,True,Other Chief
,2024-06-20 16:35:02,2024-06-20,JPM,Friedman Stacey,GC,S,$197.58,-4415.0,102843.0,-0.04,"-$872,311",197.58,-872311.0,-0.0004,20/06/2024,20/06/2024,-872315.7000000001,4.700000000069849,2024-06-20,2024-06-20,995,2024-06-21,0,True,False,True,Other
,2024-06-10 17:04:36,2024-06-10,JPM,Bacon Ashley,Chief Risk Officer,S,$199.54,-5086.0,212265.0,-0.02,"-$1,014,857",199.54,-1014857.0,-0.0002,10/06/2024,10/06/2024,-1014860.44,3.4399999999441206,2024-06-10,2024-06-10,1024,2024-06-11,0,True,False,True,Other Chief
,2024-05-20 17:19:16,2024-05-20,JPM,Beer Lori A,CIO,S,$200.64,-5298.0,46375.0,-0.1,"-$1,062,989",200.64,-1062989.0,-0.001,20/05/2024,20/05/2024,-1062990.72,1.7199999999720603,2024-05-20,2024-05-20,1039,2024-05-21,0,True,False,True,Other
,2024-05-20 17:14:46,2024-05-20,JPM,Friedman Stacey,GC,S,$200.65,-4415.0,107258.0,-0.04,"-$885,862",200.65,-885862.0,-0.0004,20/05/2024,20/05/2024,-885869.75,7.75,2024-05-20,2024-05-20,1034,2024-05-21,0,True,False,True,Other
,2024-05-14 16:43:43,2024-05-14,JPM,Lake Marianne,CEO CCB,S,$200.02,-11734.0,221031.0,-0.05,"-$2,347,065",200.02,-2347065.0,-0.0005,14/05/2024,14/05/2024,-2347034.68,30.31999999983236,2024-05-14,2024-05-14,1003,2024-05-15,0,True,False,True,CEO/COB
,2024-05-10 16:48:20,2024-05-10,JPM,Leopold Robin,Head of HR,S,$198.86,-3000.0,63155.0,-0.05,"-$596,577",198.86,-596577.0,-0.0005,10/05/2024,10/05/2024,-596580.0,3.0,2024-05-10,2024-05-10,1008,2024-05-13,0,True,False,True,Other
,2024-05-08 17:25:52,2024-05-08,JPM,Bacon Ashley,Chief Risk Officer,S,$193.65,-5086.0,217351.0,-0.02,"-$984,876",193.65,-984876.0,-0.0002,08/05/2024,08/05/2024,-984903.9,27.900000000023283,2024-05-08,2024-05-08,1045,2024-05-09,0,True,False,True,Other Chief
,2024-05-08 17:22:46,2024-05-08,JPM,Erdoes Mary E.,"CEO Asset, Wealth Management",S,$193.66,-15895.0,585898.0,-0.03,"-$3,078,221",193.66,-3078221.0,-0.0003,08/05/2024,08/05/2024,-3078225.7,4.699999999720603,2024-05-08,2024-05-08,1042,2024-05-09,0,True,False,True,CEO/COB
,2024-05-08 17:21:44,2024-05-08,JPM,Piepszak Jennifer,Co-CEO CIB,S,$193.66,-8831.0,41650.0,-0.17,"-$1,710,187",193.66,-1710187.0,-0.0017,08/05/2024,08/05/2024,-1710211.46,24.459999999962747,2024-05-08,2024-05-08,1041,2024-05-09,0,True,False,True,CEO/COB
,2024-05-06 17:55:20,2024-05-06,JPM,Korablina Elena A,Corporate Controller,S,$190.91,-21829.0,6484.0,-0.77,"-$4,167,359",190.91,-4167359.0,-0.0077,06/05/2024,06/05/2024,-4167374.39,15.390000000130383,2024-05-06,2024-05-06,1075,2024-05-07,0,True,False,True,Other
,2024-04-15 16:56:52,2024-04-15,JPM,Dimon James,"COB, CEO",S,$184.18,-178222.0,7662091.0,-0.02,"-$32,824,625",184.18,-32824625.0,-0.0002,15/04/2024,15/04/2024,-32824927.96,302.96000000089407,2024-04-15,2024-04-15,1016,2024-04-16,0,True,False,True,CEO/COB
D,2024-03-27 16:17:01,2024-03-25,JPM,Beer Lori A,CIO,S+OE,$195.36,-3920.0,51673.0,-0.07,"-$765,805",195.36,-765805.0,-0.0007,25/03/2024,27/03/2024,-765811.2000000001,6.200000000069849,2024-03-27,2024-03-25,977,2024-03-28,2,True,False,True,Other
,2024-02-22 18:51:41,2024-02-22,JPM,Rohrbaugh Troy L,"Co-CEO Comm., Invest. Bank",S,$182.74,-75000.0,166378.0,-0.31,"-$13,705,155",182.74,-13705155.0,-0.0031,22/02/2024,22/02/2024,-13705500.0,345.0,2024-02-22,2024-02-22,1131,2024-02-23,0,True,False,True,CEO/COB
,2024-02-22 18:51:40,2024-02-22,JPM,Beer Lori A,CIO,S,$182.74,-3920.0,44996.0,-0.08,"-$716,356",182.74,-716356.0,-0.0008,22/02/2024,22/02/2024,-716340.8,15.199999999953434,2024-02-22,2024-02-22,1131,2024-02-23,0,True,False,True,Other
,2024-02-22 18:51:32,2024-02-22,JPM,Friedman Stacey,GC,S,$182.73,-6030.0,94012.0,-0.06,"-$1,101,878",182.73,-1101878.0,-0.0006,22/02/2024,22/02/2024,-1101861.9,16.100000000093132,2024-02-22,2024-02-22,1131,2024-02-23,0,True,False,True,Other
,2024-02-22 17:51:39,2024-02-22,JPM,Dimon James,"COB, CEO",S,$182.74,-821778.0,7709513.0,-0.1,"-$150,167,221",182.74,-150167221.0,-0.001,22/02/2024,22/02/2024,-150171711.72,4490.719999998808,2024-02-22,2024-02-22,1071,2024-02-23,0,True,False,True,CEO/COB
,2024-02-16 19:36:16,2024-02-16,JPM,Scher Peter,Vice COB,S,$178.96,-1810.0,44956.0,-0.04,"-$323,915",178.96,-323915.0,-0.0004,16/02/2024,16/02/2024,-323917.60000000003,2.6000000000349246,2024-02-16,2024-02-16,1176,2024-02-20,0,True,False,True,CEO/COB
,2024-02-16 19:36:12,2024-02-16,JPM,Piepszak Jennifer,Co-CEO CIB,S,$178.96,-1648.0,32819.0,-0.05,"-$294,918",178.96,-294918.0,-0.0005,16/02/2024,16/02/2024,-294926.08,8.080000000016298,2024-02-16,2024-02-16,1176,2024-02-20,0,True,False,True,CEO/COB
,2024-02-16 19:36:09,2024-02-16,JPM,Petno Douglas B,CEO Commercial Banking,S,$178.99,-3266.0,407273.0,-0.01,"-$584,586",178.99,-584586.0,-0.0001,16/02/2024,16/02/2024,-584581.3400000001,4.659999999916181,2024-02-16,2024-02-16,1176,2024-02-20,0,True,False,True,CEO/COB
,2024-02-16 19:36:05,2024-02-16,JPM,Lake Marianne,CEO CCB,S,$178.97,-4459.0,209296.0,-0.02,"-$798,039",178.97,-798039.0,-0.0002,16/02/2024,16/02/2024,-798027.23,11.770000000018626,2024-02-16,2024-02-16,1176,2024-02-20,0,True,False,True,CEO/COB
,2024-02-16 19:36:01,2024-02-16,JPM,Erdoes Mary E.,"CEO Asset, Wealth Management",S,$178.99,-4814.0,570003.0,-0.01,"-$861,665",178.99,-861665.0,-0.0001,16/02/2024,16/02/2024,-861657.86,7.14000000001397,2024-02-16,2024-02-16,1176,2024-02-20,0,True,False,True,CEO/COB
,2024-02-16 19:35:54,2024-02-16,JPM,Bacon Ashley,Chief Risk Officer,S,$179.00,-3368.0,202093.0,-0.02,"-$602,857",179.0,-602857.0,-0.0002,16/02/2024,16/02/2024,-602872.0,15.0,2024-02-16,2024-02-16,1175,2024-02-20,0,True,False,True,Other Chief
D,2024-01-16 19:10:40,2024-01-16,JPM,Scher Peter,Vice COB,S+OE,$166.65,-1812.0,46766.0,-0.04,"-$301,971",166.65,-301971.0,-0.0004,16/01/2024,16/01/2024,-301969.8,1.2000000000116415,2024-01-16,2024-01-16,1150,2024-01-17,0,True,False,True,CEO/COB
D,2024-01-16 19:10:36,2024-01-16,JPM,Piepszak Jennifer,Co-CEO CCB,S+OE,$166.59,-1649.0,34467.0,-0.05,"-$274,709",166.59,-274709.0,-0.0005,16/01/2024,16/01/2024,-274706.91000000003,2.089999999967404,2024-01-16,2024-01-16,1150,2024-01-17,0,True,False,True,CEO/COB
D,2024-01-16 19:10:30,2024-01-16,JPM,Petno Douglas B,CEO Commercial Banking,S+OE,$166.70,-3267.0,413414.0,-0.01,"-$544,596",166.7,-544596.0,-0.0001,16/01/2024,16/01/2024,-544608.8999999999,12.899999999906868,2024-01-16,2024-01-16,1150,2024-01-17,0,True,False,True,CEO/COB
D,2024-01-16 19:10:26,2024-01-16,JPM,Lake Marianne,Co-CEO CCB,S+OE,$166.72,-4459.0,213755.0,-0.02,"-$743,422",166.72,-743422.0,-0.0002,16/01/2024,16/01/2024,-743404.48,17.520000000018626,2024-01-16,2024-01-16,1150,2024-01-17,0,True,False,True,CEO/COB
D,2024-01-16 19:10:20,2024-01-16,JPM,Erdoes Mary E.,"CEO Asset, Wealth Management",S+OE,$166.73,-4814.0,574817.0,-0.01,"-$802,618",166.73,-802618.0,-0.0001,16/01/2024,16/01/2024,-802638.22,20.21999999997206,2024-01-16,2024-01-16,1150,2024-01-17,0,True,False,True,CEO/COB
D,2024-01-16 19:10:17,2024-01-16,JPM,Bacon Ashley,Chief Risk Officer,S+OE,$166.73,-3368.0,205461.0,-0.02,"-$561,551",166.73,-561551.0,-0.0002,16/01/2024,16/01/2024,-561546.64,4.35999999998603,2024-01-16,2024-01-16,1150,2024-01-17,0,True,False,True,Other Chief
,2023-12-12 17:06:06,2023-12-12,JPM,Lake Marianne,Co-CEO CCB,S,$160.00,-32243.0,203271.0,-0.14,"-$5,158,906",160.0,-5158906.0,-0.0014,12/12/2023,12/12/2023,-5158880.0,26.0,2023-12-12,2023-12-12,1026,2023-12-13,0,True,False,True,CEO/COB
,2023-09-06 18:17:04,2023-09-06,JPM,Friedman Stacey,GC,S,$144.86,-4310.0,87981.0,-0.05,"-$624,335",144.86,-624335.0,-0.0005,06/09/2023,06/09/2023,-624346.6000000001,11.600000000093132,2023-09-06,2023-09-06,1097,2023-09-07,0,True,False,True,Other
,2023-08-08 16:20:05,2023-08-07,JPM,Friedman Stacey,GC,S,$157.16,-4310.0,92291.0,-0.04,"-$677,343",157.16,-677343.0,-0.0004,07/08/2023,08/08/2023,-677359.6,16.599999999976717,2023-08-08,2023-08-07,980,2023-08-09,1,True,False,True,Other
,2023-06-15 17:35:09,2023-06-15,JPM,Petno Douglas B,CEO Commercial Banking,S,$142.16,-4930.0,404929.0,-0.01,"-$700,864",142.16,-700864.0,-0.0001,15/06/2023,15/06/2023,-700848.7999999999,15.20000000006985,2023-06-15,2023-06-15,1055,2023-06-16,0,True,False,True,CEO/COB
,2023-06-15 17:33:00,2023-06-15,JPM,Scher Peter,Vice COB,S,$141.39,-2482.0,41333.0,-0.06,"-$350,930",141.39,-350930.0,-0.0006,15/06/2023,15/06/2023,-350929.98,0.0200000000186264,2023-06-15,2023-06-15,1053,2023-06-16,0,True,False,True,CEO/COB
,2023-06-15 17:31:57,2023-06-15,JPM,Erdoes Mary E.,"CEO Asset, Wealth Management",S,$142.15,-8118.0,560373.0,-0.01,"-$1,154,002",142.15,-1154002.0,-0.0001,15/06/2023,15/06/2023,-1153973.7,28.30000000004657,2023-06-15,2023-06-15,1051,2023-06-16,0,True,False,True,CEO/COB
,2023-06-12 16:31:25,2023-06-12,JPM,Piepszak Jennifer,Co-CEO CCB,S,$140.70,-1871.0,22926.0,-0.08,"-$263,243",140.7,-263243.0,-0.0008,12/06/2023,12/06/2023,-263249.69999999995,6.699999999953434,2023-06-12,2023-06-12,991,2023-06-13,0,True,False,True,CEO/COB
,2023-05-19 16:21:23,2023-05-19,JPM,Scher Peter,Vice COB,S,$140.08,-1241.0,43815.0,-0.03,"-$173,836",140.08,-173836.0,-0.0003,19/05/2023,19/05/2023,-173839.28000000003,3.28000000002794,2023-05-19,2023-05-19,981,2023-05-22,0,True,False,True,CEO/COB
,2023-05-16 16:34:33,2023-05-15,JPM,Bacon Ashley,Chief Risk Officer,S,$135.00,-16766.0,195356.0,-0.08,"-$2,263,462",135.0,-2263462.0,-0.0008,15/05/2023,16/05/2023,-2263410.0,52.0,2023-05-16,2023-05-15,994,2023-05-17,1,True,False,True,Other Chief
,2023-05-16 16:34:32,2023-05-15,JPM,Beer Lori A,CIO,S,$135.00,-15926.0,41196.0,-0.28,"-$2,150,066",135.0,-2150066.0,-0.0028,15/05/2023,16/05/2023,-2150010.0,56.0,2023-05-16,2023-05-15,994,2023-05-17,1,True,False,True,Other
,2023-05-16 16:34:22,2023-05-15,JPM,Scher Peter,Vice COB,S,$135.02,-1240.0,45056.0,-0.03,"-$167,421",135.02,-167421.0,-0.0003,15/05/2023,16/05/2023,-167424.80000000002,3.8000000000174623,2023-05-16,2023-05-15,994,2023-05-17,1,True,False,True,CEO/COB
,2023-05-16 16:34:09,2023-05-15,JPM,Petno Douglas B,CEO Commercial Banking,S,$134.90,-4932.0,409859.0,-0.01,"-$665,331",134.9,-665331.0,-0.0001,15/05/2023,16/05/2023,-665326.8,4.199999999953434,2023-05-16,2023-05-15,994,2023-05-17,1,True,False,True,CEO/COB
,2023-05-16 16:34:00,2023-05-15,JPM,Erdoes Mary E.,"CEO Asset, Wealth Management",S,$134.81,-8119.0,568491.0,-0.01,"-$1,094,483",134.81,-1094483.0,-0.0001,15/05/2023,16/05/2023,-1094522.39,39.39000000013039,2023-05-16,2023-05-15,994,2023-05-17,1,True,False,True,CEO/COB
,2023-05-11 18:32:24,2023-05-11,JPM,Pinto Daniel E,"Pres, COO, CEO CIB",S,$135.93,-113640.0,566665.0,-0.17,"-$15,446,790",135.93,-15446790.0,-0.0017,11/05/2023,11/05/2023,-15447085.2,295.2000000011176,2023-05-11,2023-05-11,1112,2023-05-12,0,True,False,True,CEO/COB
,2023-05-11 18:31:21,2023-05-11,JPM,Piepszak Jennifer,Co-CEO CCB,S,$135.97,-1871.0,24797.0,-0.07,"-$254,405",135.97,-254405.0,-0.0007,11/05/2023,11/05/2023,-254399.87,5.130000000004657,2023-05-11,2023-05-11,1111,2023-05-12,0,True,False,True,CEO/COB
,2023-01-20 16:18:04,2023-01-19,JPM,Hobson Mellody L,Dir,P,$134.53,375.0,146195.0,0,"+$50,448",134.53,50448.0,0.0,19/01/2023,20/01/2023,50448.75,0.75,2023-01-20,2023-01-19,978,2023-01-23,1,True,True,False,Director
D,2023-01-17 20:52:20,2023-01-17,JPM,Erdoes Mary E.,"CEO Asset, Wealth Management",S+OE,$140.29,-10340.0,544136.0,-0.02,"-$1,450,642",140.29,-1450642.0,-0.0002,17/01/2023,17/01/2023,-1450598.6,43.4000000001397,2023-01-17,2023-01-17,1252,2023-01-18,0,True,False,True,CEO/COB
D,2023-01-17 20:52:19,2023-01-17,JPM,Friedman Stacey,GC,S+OE,$140.31,-23148.0,79361.0,-0.23,"-$3,247,803",140.31,-3247803.0,-0.0023,17/01/2023,17/01/2023,-3247895.88,92.87999999988824,2023-01-17,2023-01-17,1252,2023-01-18,0,True,False,True,Other
D,2023-01-17 20:52:08,2023-01-17,JPM,Lake Marianne,Co-CEO CCB,S+OE,$141.00,-10000.0,212100.0,-0.05,"-$1,410,000",141.0,-1410000.0,-0.0005,17/01/2023,17/01/2023,-1410000.0,0.0,2023-01-17,2023-01-17,1252,2023-01-18,0,True,False,True,CEO/COB
D,2023-01-17 20:52:01,2023-01-17,JPM,Petno Douglas B,CEO Commercial Banking,S+OE,$140.30,-11644.0,397915.0,-0.03,"-$1,633,697",140.3,-1633697.0,-0.0003,17/01/2023,17/01/2023,-1633653.2000000002,43.799999999813735,2023-01-17,2023-01-17,1252,2023-01-18,0,True,False,True,CEO/COB
D,2023-01-17 20:52:00,2023-01-17,JPM,Piepszak Jennifer,Co-CEO CCB,S+OE,$140.32,-10462.0,11700.0,-0.47,"-$1,467,979",140.32,-1467979.0,-0.0046999999999999,17/01/2023,17/01/2023,-1468027.84,48.83999999985099,2023-01-17,2023-01-17,1252,2023-01-18,0,True,False,True,CEO/COB
D,2023-01-17 20:51:50,2023-01-17,JPM,Scher Peter,Vice COB,S+OE,$140.32,-4399.0,36369.0,-0.11,"-$617,252",140.32,-617252.0,-0.0011,17/01/2023,17/01/2023,-617267.6799999999,15.679999999934807,2023-01-17,2023-01-17,1251,2023-01-18,0,True,False,True,CEO/COB
,2022-11-14 16:22:49,2022-11-10,JPM,Petno Douglas B,CEO Commercial Banking,S,$135.01,-5139.0,396548.0,-0.01,"-$693,831",135.01,-693831.0,-0.0001,10/11/2022,14/11/2022,-693816.3899999999,14.610000000102444,2022-11-14,2022-11-10,982,2022-11-15,4,True,False,True,CEO/COB
,2022-11-14 16:21:58,2022-11-10,JPM,Scher Peter,Vice COB,S,$133.02,-1311.0,33662.0,-0.04,"-$174,392",133.02,-174392.0,-0.0004,10/11/2022,14/11/2022,-174389.22,2.779999999998836,2022-11-14,2022-11-10,981,2022-11-15,4,True,False,True,CEO/COB
,2022-10-27 17:00:50,2022-10-26,JPM,Scher Peter,Vice COB,S,$125.02,-1310.0,34973.0,-0.04,"-$163,773",125.02,-163773.0,-0.0004,26/10/2022,27/10/2022,-163776.19999999998,3.1999999999825377,2022-10-27,2022-10-26,1020,2022-10-28,1,True,False,True,CEO/COB
,2022-10-27 16:59:40,2022-10-26,JPM,Petno Douglas B,CEO Commercial Banking,S,$125.02,-5139.0,403197.0,-0.01,"-$642,456",125.02,-642456.0,-0.0001,26/10/2022,27/10/2022,-642477.78,21.78000000002794,2022-10-27,2022-10-26,1019,2022-10-28,1,True,False,True,CEO/COB
,2022-10-27 16:58:32,2022-10-26,JPM,Leopold Robin,Head of HR,S,$125.07,-2000.0,39547.0,-0.05,"-$250,144",125.07,-250144.0,-0.0005,26/10/2022,27/10/2022,-250140.0,4.0,2022-10-27,2022-10-26,1018,2022-10-28,1,True,False,True,Other
,2022-10-19 16:17:45,2022-10-18,JPM,Petno Douglas B,CEO Commercial Banking,S,$120.05,-5140.0,408336.0,-0.01,"-$617,055",120.05,-617055.0,-0.0001,18/10/2022,19/10/2022,-617057.0,2.0,2022-10-19,2022-10-18,977,2022-10-20,1,True,False,True,CEO/COB
,2022-10-18 16:24:36,2022-10-17,JPM,Erdoes Mary E.,"CEO Asset, Wealth Management",S,$115.77,-33515.0,533795.0,-0.06,"-$3,880,135",115.77,-3880135.0,-0.0006,17/10/2022,18/10/2022,-3880031.55,103.45000000018626,2022-10-18,2022-10-17,984,2022-10-19,1,True,False,True,CEO/COB
,2022-04-19 17:03:17,2022-04-19,JPM,Bacon Ashley,Chief Risk Officer,S,$130.04,-21012.0,178588.0,-0.11,"-$2,732,344",130.04,-2732344.0,-0.0011,19/04/2022,19/04/2022,-2732400.48,56.47999999998137,2022-04-19,2022-04-19,1023,2022-04-20,0,True,False,True,Other Chief
,2022-04-14 17:00:46,2022-04-14,JPM,Piepszak Jennifer,Co-CEO CCB,S,$126.19,-4668.0,11135.0,-0.3,"-$589,051",126.19,-589051.0,-0.003,14/04/2022,14/04/2022,-589054.92,3.9200000000419095,2022-04-14,2022-04-14,1020,2022-04-18,0,True,False,True,CEO/COB
,2022-01-20 16:34:02,2022-01-19,JPM,Hobson Mellody L,Dir,P,$149.68,670.0,142450.0,0,"+$100,285",149.68,100285.0,0.0,19/01/2022,20/01/2022,100285.6,0.6000000000058208,2022-01-20,2022-01-19,994,2022-01-21,1,True,True,False,Director
,2021-10-25 17:30:03,2021-10-25,JPM,Piepszak Jennifer,Co-CEO CCB,S,$171.26,-3173.0,3039.0,-0.51,"-$543,400",171.26,-543400.0,-0.0051,25/10/2021,25/10/2021,-543407.98,7.979999999981373,2021-10-25,2021-10-25,1050,2021-10-26,0,True,False,True,CEO/COB
,2021-10-25 17:30:01,2021-10-25,JPM,Beer Lori A,CIO,S,$171.22,-5210.0,16748.0,-0.24,"-$892,058",171.22,-892058.0,-0.0024,25/10/2021,25/10/2021,-892056.2,1.800000000046566,2021-10-25,2021-10-25,1050,2021-10-26,0,True,False,True,Other
,2021-10-15 16:17:34,2021-10-14,JPM,Scher Peter,EVP,S,$162.41,-4372.0,15304.0,-0.22,"-$710,069",162.41,-710069.0,-0.0022,14/10/2021,15/10/2021,-710056.52,12.479999999981374,2021-10-15,2021-10-14,977,2021-10-18,1,True,False,True,VP
,2021-10-15 16:17:28,2021-10-14,JPM,Leopold Robin,Head of HR,S,$162.42,-1238.0,29858.0,-0.04,"-$201,070",162.42,-201070.0,-0.0004,14/10/2021,15/10/2021,-201075.96,5.959999999991851,2021-10-15,2021-10-14,977,2021-10-18,1,True,False,True,Other
,2021-10-15 16:17:18,2021-10-14,JPM,Beer Lori A,CIO,S,$162.46,-7829.0,21958.0,-0.26,"-$1,271,876",162.46,-1271876.0,-0.0026,14/10/2021,15/10/2021,-1271899.34,23.34000000008382,2021-10-15,2021-10-14,977,2021-10-18,1,True,False,True,Other
,2021-07-14 17:49:59,2021-07-14,JPM,Erdoes Mary E.,"CEO Asset, Wealth Management",S,$154.78,-17387.0,512189.0,-0.03,"-$2,691,182",154.78,-2691182.0,-0.0003,14/07/2021,14/07/2021,-2691159.86,22.140000000130385,2021-07-14,2021-07-14,1069,2021-07-15,0,True,False,True,CEO/COB
,2021-04-19 16:16:59,2021-04-19,JPM,Hobson Mellody L,Dir,P,$153.12,660.0,139241.0,0,"+$101,059",153.12,101059.0,0.0,19/04/2021,19/04/2021,101059.2,0.1999999999970896,2021-04-19,2021-04-19,976,2021-04-20,0,True,True,False,Director
,2021-04-15 18:39:47,2021-04-15,JPM,Petno Douglas B,CEO Commercial Banking,S,$150.90,-11512.0,373531.0,-0.03,"-$1,737,158",150.9,-1737158.0,-0.0003,15/04/2021,15/04/2021,-1737160.8,2.800000000046566,2021-04-15,2021-04-15,1119,2021-04-16,0,True,False,True,CEO/COB
,2021-04-15 18:39:33,2021-04-15,JPM,Lake Marianne,EVP,S,$150.90,-13047.0,158133.0,-0.08,"-$1,968,850",150.9,-1968850.0,-0.0008,15/04/2021,15/04/2021,-1968792.3,57.69999999995344,2021-04-15,2021-04-15,1119,2021-04-16,0,True,False,True,VP
,2021-04-15 18:39:31,2021-04-15,JPM,Friedman Stacey,GC,S,$150.90,-16965.0,56212.0,-0.23,"-$2,560,017",150.9,-2560017.0,-0.0023,15/04/2021,15/04/2021,-2560018.5,1.5,2021-04-15,2021-04-15,1119,2021-04-16,0,True,False,True,Other
,2021-04-15 18:39:19,2021-04-15,JPM,Erdoes Mary E.,"CEO Asset, Wealth Management",S,$150.90,-19188.0,501171.0,-0.04,"-$2,895,475",150.9,-2895475.0,-0.0004,15/04/2021,15/04/2021,-2895469.2,5.799999999813736,2021-04-15,2021-04-15,1119,2021-04-16,0,True,False,True,CEO/COB
,2021-04-15 18:39:08,2021-04-15,JPM,Beer Lori A,CIO,S,$150.90,-15000.0,29787.0,-0.33,"-$2,263,458",150.9,-2263458.0,-0.0033,15/04/2021,15/04/2021,-2263500.0,42.0,2021-04-15,2021-04-15,1119,2021-04-16,0,True,False,True,Other
,2021-04-15 18:38:30,2021-04-15,JPM,Bacon Ashley,Chief Risk Officer,S,$150.91,-11930.0,157574.0,-0.07,"-$1,800,318",150.91,-1800318.0,-0.0007,15/04/2021,15/04/2021,-1800356.3,38.300000000046566,2021-04-15,2021-04-15,1118,2021-04-16,0,True,False,True,Other Chief
,2021-01-29 17:23:59,2021-01-29,JPM,Petno Douglas B,CEO Commercial Banking,S,$129.84,-22011.0,362018.0,-0.06,"-$2,857,833",129.84,-2857833.0,-0.0006,29/01/2021,29/01/2021,-2857908.24,75.24000000022352,2021-01-29,2021-01-29,1043,2021-02-01,0,True,False,True,CEO/COB
D,2021-01-21 16:32:19,2021-01-19,JPM,Giles Nicole,Corporate Controller,S+OE,$138.75,-3154.0,9687.0,-0.25,"-$437,624",138.75,-437624.0,-0.0025,19/01/2021,21/01/2021,-437617.5,6.5,2021-01-21,2021-01-19,992,2021-01-22,2,True,False,True,Other
D,2021-01-21 16:32:14,2021-01-19,JPM,Smith Gordon,"Co-Pres, COO, CEO CCB",S+OE,$138.77,-40184.0,505185.0,-0.07,"-$5,576,314",138.77,-5576314.0,-0.0007,19/01/2021,21/01/2021,-5576333.680000001,19.6800000006333,2021-01-21,2021-01-19,992,2021-01-22,2,True,False,True,CEO/COB
D,2021-01-21 16:32:03,2021-01-19,JPM,Piepszak Jennifer,CFO,S+OE,$138.76,-12881.0,6212.0,-0.67,"-$1,787,320",138.76,-1787320.0,-0.0067,19/01/2021,21/01/2021,-1787367.5599999998,47.55999999982305,2021-01-21,2021-01-19,992,2021-01-22,2,True,False,True,CFO
D,2021-01-21 16:31:51,2021-01-19,JPM,Lake Marianne,EVP,S+OE,$138.75,-9481.0,145085.0,-0.06,"-$1,315,524",138.75,-1315524.0,-0.0006,19/01/2021,21/01/2021,-1315488.75,35.25,2021-01-21,2021-01-19,991,2021-01-22,2,True,False,True,VP
D,2021-01-21 16:31:45,2021-01-19,JPM,Friedman Stacey,GC,S+OE,$138.77,-16652.0,46746.0,-0.26,"-$2,310,766",138.77,-2310766.0,-0.0026,19/01/2021,21/01/2021,-2310798.04,32.04000000003725,2021-01-21,2021-01-19,991,2021-01-22,2,True,False,True,Other
D,2021-01-21 16:31:40,2021-01-19,JPM,Erdoes Mary E.,"CEO Asset, Wealth Management",S+OE,$138.77,-13270.0,481983.0,-0.03,"-$1,841,490",138.77,-1841490.0,-0.0003,19/01/2021,21/01/2021,-1841477.9,12.099999999860302,2021-01-21,2021-01-19,991,2021-01-22,2,True,False,True,CEO/COB
D,2021-01-21 16:31:30,2021-01-19,JPM,Bacon Ashley,Chief Risk Officer,S+OE,$138.76,-8400.0,145644.0,-0.05,"-$1,165,560",138.76,-1165560.0,-0.0005,19/01/2021,21/01/2021,-1165584.0,24.0,2021-01-21,2021-01-19,991,2021-01-22,2,True,False,True,Other Chief
,2020-11-24 16:21:35,2020-11-24,JPM,Lake Marianne,EVP,S,$120.01,-15808.0,135602.0,-0.1,"-$1,897,118",120.01,-1897118.0,-0.001,24/11/2020,24/11/2020,-1897118.08,0.0800000000745058,2020-11-24,2020-11-24,981,2020-11-25,0,True,False,True,VP
D,2020-10-26 17:32:01,2020-10-26,JPM,Piepszak Jennifer,CFO,S+OE,$101.11,-3297.0,6212.0,-0.35,"-$333,356",101.11,-333356.0,-0.0034999999999999,26/10/2020,26/10/2020,-333359.67,3.669999999983702,2020-10-26,2020-10-26,1052,2020-10-27,0,True,False,True,CFO
D,2020-10-26 17:31:59,2020-10-26,JPM,Giles Nicole,Corporate Controller,S+OE,$100.98,-2281.0,7718.0,-0.23,"-$230,327",100.98,-230327.0,-0.0023,26/10/2020,26/10/2020,-230335.38,8.380000000004657,2020-10-26,2020-10-26,1051,2020-10-27,0,True,False,True,Other
,2020-07-15 18:41:35,2020-07-15,JPM,Erdoes Mary E.,"CEO Asset, Wealth Management",S,$99.52,-24554.0,468712.0,-0.05,"-$2,443,717",99.52,-2443717.0,-0.0005,15/07/2020,15/07/2020,-2443614.08,102.9199999999255,2020-07-15,2020-07-15,1121,2020-07-16,0,True,False,True,CEO/COB
,2020-04-16 17:21:41,2020-04-16,JPM,Burke Stephen B,Dir,P,$87.99,75000.0,225043.0,0.5,"+$6,598,958",87.99,6598958.0,0.005,16/04/2020,16/04/2020,6599250.0,292.0,2020-04-16,2020-04-16,1041,2020-04-17,0,True,True,False,Director
,2020-04-15 17:14:09,2020-04-15,JPM,Bacon Ashley,Chief Risk Officer,S,$91.12,-13027.0,137243.0,-0.09,"-$1,187,081",91.12,-1187081.0,-0.0009,15/04/2020,15/04/2020,-1187020.24,60.76000000000931,2020-04-15,2020-04-15,1034,2020-04-16,0,True,False,True,Other Chief
,2020-02-04 16:50:10,2020-02-04,JPM,Pinto Daniel E,"Co-Pres, COO, CEO CIB",S,$135.72,-15212.0,458209.0,-0.03,"-$2,064,560",135.72,-2064560.0,-0.0003,04/02/2020,04/02/2020,-2064572.64,12.639999999897556,2020-02-04,2020-02-04,1010,2020-02-05,0,True,False,True,CEO/COB
,2020-01-27 17:14:29,2020-01-27,JPM,Petno Douglas B,CEO Commercial Banking,S,$131.94,-62085.0,341975.0,-0.15,"-$8,191,756",131.94,-8191756.0,-0.0015,27/01/2020,27/01/2020,-8191494.899999999,261.1000000005588,2020-01-27,2020-01-27,1034,2020-01-28,0,True,False,True,CEO/COB
,2020-01-17 16:22:23,2020-01-15,JPM,Erdoes Mary E.,"CEO Asset, Wealth Management",P,$100.00,51000.0,51000.0,New,"+$5,100,000",100.0,5100000.0,,15/01/2020,17/01/2020,5100000.0,0.0,2020-01-17,2020-01-15,982,2020-01-21,2,True,True,False,CEO/COB
,2020-01-16 16:24:04,2020-01-15,JPM,Hobson Mellody L,Dir,P,$136.39,14600.0,132682.0,0.12,"+$1,991,253",136.39,1991253.0,0.0012,15/01/2020,16/01/2020,1991294.0,40.99999999976717,2020-01-16,2020-01-15,984,2020-01-17,1,True,True,False,Director
D,2020-01-15 17:55:44,2020-01-15,JPM,Smith Gordon,"Co-Pres, COO, CEO CCB",S+OE,$137.04,-14750.0,464998.0,-0.03,"-$2,021,325",137.04,-2021325.0,-0.0003,15/01/2020,15/01/2020,-2021340.0,14.99999999976717,2020-01-15,2020-01-15,1075,2020-01-16,0,True,False,True,CEO/COB
D,2020-01-15 17:55:40,2020-01-15,JPM,Scher Peter,EVP,S+OE,$137.11,-21949.0,2184.0,-0.91,"-$3,009,403",137.11,-3009403.0,-0.0091,15/01/2020,15/01/2020,-3009427.39,24.390000000130385,2020-01-15,2020-01-15,1075,2020-01-16,0,True,False,True,VP
D,2020-01-15 17:55:36,2020-01-15,JPM,Piepszak Jennifer,CFO,S+OE,$137.05,-8312.0,6470.0,-0.56,"-$1,139,140",137.05,-1139140.0,-0.0056,15/01/2020,15/01/2020,-1139159.6,19.60000000009313,2020-01-15,2020-01-15,1075,2020-01-16,0,True,False,True,CFO
D,2020-01-15 17:55:27,2020-01-15,JPM,Lake Marianne,EVP,S+OE,$137.10,-9415.0,119793.0,-0.07,"-$1,290,826",137.1,-1290826.0,-0.0007,15/01/2020,15/01/2020,-1290796.5,29.5,2020-01-15,2020-01-15,1075,2020-01-16,0,True,False,True,VP
D,2020-01-15 17:55:23,2020-01-15,JPM,Giles Nicole,Corporate Controller,S+OE,$137.10,-3015.0,7717.0,-0.28,"-$413,364",137.1,-413364.0,-0.0028,15/01/2020,15/01/2020,-413356.5,7.5,2020-01-15,2020-01-15,1075,2020-01-16,0,True,False,True,Other
D,2020-01-15 17:55:19,2020-01-15,JPM,Friedman Stacey,GC,S+OE,$137.10,-6441.0,30091.0,-0.18,"-$883,051",137.1,-883051.0,-0.0018,15/01/2020,15/01/2020,-883061.1,10.099999999976715,2020-01-15,2020-01-15,1075,2020-01-16,0,True,False,True,Other
D,2020-01-15 17:55:15,2020-01-15,JPM,Erdoes Mary E.,"CEO Asset, Wealth Management",S+OE,$137.11,-29597.0,458658.0,-0.06,"-$4,058,163",137.11,-4058163.0,-0.0006,15/01/2020,15/01/2020,-4058044.67,118.32999999960884,2020-01-15,2020-01-15,1075,2020-01-16,0,True,False,True,CEO/COB
D,2020-01-15 17:55:11,2020-01-15,JPM,Bacon Ashley,Chief Risk Officer,S+OE,$137.11,-25558.0,120888.0,-0.17,"-$3,504,211",137.11,-3504211.0,-0.0017,15/01/2020,15/01/2020,-3504257.3800000004,46.3800000003539,2020-01-15,2020-01-15,1075,2020-01-16,0,True,False,True,Other Chief
,2019-11-07 16:16:49,2019-11-07,JPM,Pinto Daniel E,"Co-Pres, COO, CEO CIB",S,$130.91,-64198.0,466693.0,-0.12,"-$8,403,897",130.91,-8403897.0,-0.0012,07/11/2019,07/11/2019,-8404160.18,263.179999999702,2019-11-07,2019-11-07,976,2019-11-08,0,True,False,True,CEO/COB
D,2019-10-28 17:55:40,2019-10-28,JPM,Piepszak Jennifer,CFO,S+OE,$126.78,-4594.0,6470.0,-0.42,"-$582,428",126.78,-582428.0,-0.0042,28/10/2019,28/10/2019,-582427.32,0.6800000000512227,2019-10-28,2019-10-28,1075,2019-10-29,0,True,False,True,CFO
D,2019-10-28 17:55:29,2019-10-28,JPM,Giles Nicole,Corporate Controller,S+OE,$126.73,-863.0,7578.0,-0.1,"-$109,365",126.73,-109365.0,-0.001,28/10/2019,28/10/2019,-109367.99,2.9900000000052387,2019-10-28,2019-10-28,1075,2019-10-29,0,True,False,True,Other
,2019-10-24 18:39:39,2019-10-23,JPM,Hobson Mellody L,Dir,P,$124.65,16000.0,117741.0,0.16,"+$1,994,376",124.65,1994376.0,0.0016,23/10/2019,24/10/2019,1994400.0,24.0,2019-10-24,2019-10-23,1119,2019-10-25,1,True,True,False,Director
,2019-10-17 16:17:42,2019-10-16,JPM,Smith Gordon,"Co-Pres, COO, CEO CCB",S,$119.98,-83289.0,450248.0,-0.16,"-$9,992,873",119.98,-9992873.0,-0.0016,16/10/2019,17/10/2019,-9993014.22,141.22000000067055,2019-10-17,2019-10-16,977,2019-10-18,1,True,False,True,CEO/COB
,2019-10-17 16:17:29,2019-10-17,JPM,Pinto Daniel E,"Co-Pres, COO, CEO CIB",S,$120.51,-53000.0,502000.0,-0.1,"-$6,387,200",120.51,-6387200.0,-0.001,17/10/2019,17/10/2019,-6387030.0,170.0,2019-10-17,2019-10-17,977,2019-10-18,0,True,False,True,CEO/COB
,2019-08-08 17:11:11,2019-08-08,JPM,Hobson Mellody L,Dir,P,$109.91,18200.0,101359.0,0.22,"+$2,000,362",109.91,2000362.0,0.0022,08/08/2019,08/08/2019,2000362.0,0.0,2019-08-08,2019-08-08,1031,2019-08-09,0,True,True,False,Director
,2019-07-19 16:14:41,2019-07-18,JPM,Scher Peter,EVP,S,$115.00,-10816.0,0.0,-1,"-$1,243,858",115.0,-1243858.0,-0.01,18/07/2019,19/07/2019,-1243840.0,18.0,2019-07-19,2019-07-18,974,2019-07-22,1,True,False,True,VP
,2019-07-18 17:11:49,2019-07-17,JPM,Beer Lori A,CIO,S,$114.28,-13341.0,10130.0,-0.57,"-$1,524,601",114.28,-1524601.0,-0.0056999999999999,17/07/2019,18/07/2019,-1524609.48,8.479999999981374,2019-07-18,2019-07-17,1031,2019-07-19,1,True,False,True,Other
,2019-04-18 16:17:29,2019-04-18,JPM,Hobson Mellody L,Dir,P,$114.26,1700.0,82840.0,0.02,"+$194,242",114.26,194242.0,0.0002,18/04/2019,18/04/2019,194242.0,0.0,2019-04-18,2019-04-18,977,2019-04-22,0,True,True,False,Director
,2019-04-17 17:15:11,2019-04-16,JPM,Hobson Mellody L,Dir,P,$111.03,18000.0,81140.0,0.29,"+$1,998,443",111.03,1998443.0,0.0029,16/04/2019,17/04/2019,1998540.0,97.0,2019-04-17,2019-04-16,1035,2019-04-18,1,True,True,False,Director
,2019-04-16 17:41:25,2019-04-15,JPM,Erdoes Mary E.,"CEO Asset, Wealth Management",S,$109.92,-72340.0,464320.0,-0.13,"-$7,951,620",109.92,-7951620.0,-0.0013,15/04/2019,16/04/2019,-7951612.8,7.2000000001862645,2019-04-16,2019-04-15,1061,2019-04-17,1,True,False,True,CEO/COB
,2019-04-16 17:41:21,2019-04-15,JPM,Smith Gordon,"Co-Pres, COO, CEO CCB",S,$109.99,-41395.0,434112.0,-0.09,"-$4,552,875",109.99,-4552875.0,-0.0009,15/04/2019,16/04/2019,-4553036.05,161.04999999981374,2019-04-16,2019-04-15,1061,2019-04-17,1,True,False,True,CEO/COB
,2019-04-16 17:41:17,2019-04-15,JPM,Friedman Stacey,GC,S,$109.75,-3710.0,23650.0,-0.14,"-$407,183",109.75,-407183.0,-0.0014,15/04/2019,16/04/2019,-407172.5,10.5,2019-04-16,2019-04-15,1061,2019-04-17,1,True,False,True,Other
,2019-04-16 17:41:14,2019-04-15,JPM,Giles Nicole,Corporate Controller,S,$110.43,-3230.0,6159.0,-0.34,"-$356,685",110.43,-356685.0,-0.0034,15/04/2019,16/04/2019,-356688.9,3.900000000023283,2019-04-16,2019-04-15,1061,2019-04-17,1,True,False,True,Other
,2019-04-16 17:41:10,2019-04-15,JPM,Bacon Ashley,Chief Risk Officer,S,$109.75,-20145.0,112191.0,-0.15,"-$2,210,980",109.75,-2210980.0,-0.0015,15/04/2019,16/04/2019,-2210913.75,66.25,2019-04-16,2019-04-15,1061,2019-04-17,1,True,False,True,Other Chief
D,2019-04-16 17:41:06,2019-04-15,JPM,Petno Douglas B,CEO Commercial Banking,S+OE,$109.74,-18303.0,486464.0,-0.04,"-$2,008,544",109.74,-2008544.0,-0.0004,15/04/2019,16/04/2019,-2008571.22,27.21999999997206,2019-04-16,2019-04-15,1061,2019-04-17,1,True,False,True,CEO/COB
,2019-04-16 17:41:02,2019-04-15,JPM,Lake Marianne,CFO,S,$109.75,-115415.0,110378.0,-0.51,"-$12,666,808",109.75,-12666808.0,-0.0051,15/04/2019,16/04/2019,-12666796.25,11.75,2019-04-16,2019-04-15,1061,2019-04-17,1,True,False,True,CFO
,2019-02-06 16:13:17,2019-02-05,JPM,Crown James S,Dir,P,$103.79,5000.0,12459669.0,0,"+$518,950",103.79,518950.0,0.0,05/02/2019,06/02/2019,518950.00000000006,5.820766091346741e-11,2019-02-06,2019-02-05,973,2019-02-07,1,True,True,False,Director
,2019-01-29 16:14:53,2019-01-29,JPM,Scher Peter,EVP,S,$105.00,-18679.0,0.0,-1,"-$1,961,340",105.0,-1961340.0,-0.01,29/01/2019,29/01/2019,-1961295.0,45.0,2019-01-29,2019-01-29,974,2019-01-30,0,True,False,True,VP
,2019-01-29 16:14:48,2019-01-29,JPM,Petno Douglas B,CEO Commercial Banking,S,$105.00,-11659.0,263195.0,-0.04,"-$1,224,205",105.0,-1224205.0,-0.0004,29/01/2019,29/01/2019,-1224195.0,10.0,2019-01-29,2019-01-29,974,2019-01-30,0,True,False,True,CEO/COB
,2019-01-29 16:14:43,2019-01-29,JPM,Friedman Stacey,GC,S,$105.00,-3022.0,12519.0,-0.19,"-$317,310",105.0,-317310.0,-0.0019,29/01/2019,29/01/2019,-317310.0,0.0,2019-01-29,2019-01-29,974,2019-01-30,0,True,False,True,Other
,2019-01-29 16:14:30,2019-01-29,JPM,Beer Lori A,CIO,S,$105.00,-13341.0,23471.0,-0.36,"-$1,400,806",105.0,-1400806.0,-0.0036,29/01/2019,29/01/2019,-1400805.0,1.0,2019-01-29,2019-01-29,974,2019-01-30,0,True,False,True,Other
D,2019-01-16 16:34:45,2019-01-16,JPM,Bacon Ashley,Chief Risk Officer,S+OE,$102.78,-5831.0,92046.0,-0.06,"-$599,304",102.78,-599304.0,-0.0006,16/01/2019,16/01/2019,-599310.18,6.180000000051223,2019-01-16,2019-01-16,994,2019-01-17,0,True,False,True,Other Chief
,2018-10-19 16:17:07,2018-10-19,JPM,Hobson Mellody L,Dir,P,$108.94,1150.0,59987.0,0.02,"+$125,281",108.94,125281.0,0.0002,19/10/2018,19/10/2018,125281.0,0.0,2018-10-19,2018-10-19,977,2018-10-22,0,True,True,False,Director
D,2018-08-16 16:30:21,2018-08-15,JPM,Hobson Mellody L,Dir,D,$113.70,-16953.0,58547.0,-0.22,"-$1,927,556",113.7,-1927556.0,-0.0022,15/08/2018,16/08/2018,-1927556.1,0.1000000000931322,2018-08-16,2018-08-15,990,2018-08-17,1,True,False,True,Director
,2018-07-23 17:07:53,2018-07-23,JPM,Smith Gordon,"Co-Pres, COO, CEO CCB",S,$114.01,-30725.0,325561.0,-0.09,"-$3,503,031",114.01,-3503031.0,-0.0009,23/07/2018,23/07/2018,-3502957.25,73.75,2018-07-23,2018-07-23,1027,2018-07-24,0,True,False,True,CEO/COB
D,2018-05-16 18:53:07,2018-05-14,JPM,Combs Todd A.,Dir,P,$114.61,13000.0,18277.0,2.46,"+$1,489,898",114.61,1489898.0,0.0246,14/05/2018,16/05/2018,1489930.0,32.0,2018-05-16,2018-05-14,1133,2018-05-17,2,True,True,False,Director
,2018-04-17 16:18:42,2018-04-16,JPM,Hobson Mellody L,Dir,P,$111.05,18000.0,28864.0,1.66,"+$1,998,814",111.05,1998814.0,0.0166,16/04/2018,17/04/2018,1998900.0,86.0,2018-04-17,2018-04-16,978,2018-04-18,1,True,True,False,Director
,2018-01-19 16:53:17,2018-01-19,JPM,Scher Peter,EVP,S,$113.42,-26532.0,0.0,-1,"-$3,009,376",113.42,-3009376.0,-0.01,19/01/2018,19/01/2018,-3009259.44,116.56000000005588,2018-01-19,2018-01-19,1013,2018-01-22,0,True,False,True,VP
,2018-01-18 16:50:38,2018-01-18,JPM,Crown James S,Dir,P,$113.37,7280.0,12447846.0,0,"+$825,327",113.37,825327.0,0.0,18/01/2018,18/01/2018,825333.6,6.599999999976717,2018-01-18,2018-01-18,1010,2018-01-19,0,True,True,False,Director
D,2018-01-17 17:20:51,2018-01-16,JPM,Scher Peter,EVP,S+OE,$112.20,-17057.0,26532.0,-0.39,"-$1,913,795",112.2,-1913795.0,-0.0039,16/01/2018,17/01/2018,-1913795.4,0.4000000001396984,2018-01-17,2018-01-16,1040,2018-01-18,1,True,False,True,VP
D,2018-01-17 17:18:44,2018-01-16,JPM,Petno Douglas B,CEO Commercial Banking,S+OE,$112.22,-48344.0,252449.0,-0.16,"-$5,425,140",112.22,-5425140.0,-0.0016,16/01/2018,17/01/2018,-5425163.68,23.679999999701977,2018-01-17,2018-01-16,1038,2018-01-18,1,True,False,True,CEO/COB
D,2018-01-17 17:16:36,2018-01-16,JPM,Lake Marianne,CFO,S+OE,$112.22,-9194.0,72290.0,-0.11,"-$1,031,723",112.22,-1031723.0,-0.0011,16/01/2018,17/01/2018,-1031750.68,27.679999999934807,2018-01-17,2018-01-16,1036,2018-01-18,1,True,False,True,CFO
D,2018-01-17 17:14:28,2018-01-16,JPM,Giles Nicole,Corporate Controller,S+OE,$112.45,-3783.0,4093.0,-0.48,"-$425,399",112.45,-425399.0,-0.0048,16/01/2018,17/01/2018,-425398.35,0.6499999999650754,2018-01-17,2018-01-16,1034,2018-01-18,1,True,False,True,Other
D,2018-01-17 17:12:20,2018-01-16,JPM,Erdoes Mary E.,CEO Asset Management,S+OE,$112.25,-65101.0,391979.0,-0.14,"-$7,307,438",112.25,-7307438.0,-0.0014,16/01/2018,17/01/2018,-7307587.25,149.25,2018-01-17,2018-01-16,1032,2018-01-18,1,True,False,True,CEO/COB
D,2018-01-17 17:10:12,2018-01-16,JPM,Bacon Ashley,Chief Risk Officer,S+OE,$112.22,-16434.0,74547.0,-0.18,"-$1,844,230",112.22,-1844230.0,-0.0018,16/01/2018,17/01/2018,-1844223.48,6.5200000000186265,2018-01-17,2018-01-16,1030,2018-01-18,1,True,False,True,Other Chief
DM,2018-01-17 17:08:05,2018-01-16,JPM,Friedman Stacey,GC,S+OE,$112.33,-17729.0,3448.0,-0.84,"-$1,991,492",112.33,-1991492.0,-0.0084,16/01/2018,17/01/2018,-1991498.57,6.570000000065193,2018-01-17,2018-01-16,1028,2018-01-18,1,True,False,True,Other
D,2017-10-26 17:09:14,2017-10-26,JPM,Friedman Stacey,GC,S+OE,$101.96,-2099.0,10527.0,-0.17,"-$214,019",101.96,-214019.0,-0.0017,26/10/2017,26/10/2017,-214014.04,4.960000000020955,2017-10-26,2017-10-26,1029,2017-10-27,0,True,False,True,Other
,2017-08-21 17:13:00,2017-08-21,JPM,Friedman Stacey,GC,S,$90.55,-9968.0,10527.0,-0.49,"-$902,608",90.55,-902608.0,-0.0049,21/08/2017,21/08/2017,-902602.4,5.599999999976717,2017-08-21,2017-08-21,1033,2017-08-22,0,True,False,True,Other
,2017-07-18 16:07:30,2017-07-18,JPM,Giles Nicole,Corporate Controller,S,$91.29,-1000.0,3783.0,-0.21,"-$91,292",91.29,-91292.0,-0.0021,18/07/2017,18/07/2017,-91290.0,2.0,2017-07-18,2017-07-18,967,2017-07-19,0,True,False,True,Other
,2017-07-17 16:40:39,2017-07-17,JPM,Lake Marianne,CFO,S,$91.58,-17596.0,44711.0,-0.28,"-$1,611,412",91.58,-1611412.0,-0.0028,17/07/2017,17/07/2017,-1611441.68,29.679999999934807,2017-07-17,2017-07-17,1000,2017-07-18,0,True,False,True,CFO
,2017-05-12 16:11:25,2017-05-11,JPM,Bacon Ashley,Chief Risk Officer,S,$87.21,-6514.0,47384.0,-0.12,"-$568,100",87.21,-568100.0,-0.0012,11/05/2017,12/05/2017,-568085.94,14.06000000005588,2017-05-12,2017-05-11,971,2017-05-15,1,True,False,True,Other Chief
,2017-04-20 16:40:53,2017-04-19,JPM,Crown James S,Dir,P,$85.48,11500.0,12803865.0,0,"+$982,991",85.48,982991.0,0.0,19/04/2017,20/04/2017,983020.0,29.0,2017-04-20,2017-04-19,1000,2017-04-21,1,True,True,False,Director
,2017-04-18 16:15:07,2017-04-17,JPM,Zames Matthew E,COO,S,$85.06,-3405.0,329019.0,-0.01,"-$289,616",85.06,-289616.0,-0.0001,17/04/2017,18/04/2017,-289629.3,13.299999999988358,2017-04-18,2017-04-17,975,2017-04-19,1,True,False,True,Other
D,2017-04-18 16:15:03,2017-04-17,JPM,Friedman Stacey,GC,S+OE,$85.07,-10792.0,20495.0,-0.34,"-$918,084",85.07,-918084.0,-0.0034,17/04/2017,18/04/2017,-918075.44,8.56000000005588,2017-04-18,2017-04-17,975,2017-04-19,1,True,False,True,Other
D,2017-01-19 16:58:13,2017-01-18,JPM,Smith Gordon,EVP,S+OE,$83.67,-65865.0,294836.0,-0.18,"-$5,510,997",83.67,-5510997.0,-0.0018,18/01/2017,19/01/2017,-5510924.55,72.45000000018626,2017-01-19,2017-01-18,1018,2017-01-20,1,True,False,True,VP
D,2017-01-19 16:58:10,2017-01-18,JPM,Petno Douglas B,CEO Commercial Banking,S+OE,$83.67,-21532.0,224001.0,-0.09,"-$1,801,649",83.67,-1801649.0,-0.0009,18/01/2017,19/01/2017,-1801582.44,66.56000000005588,2017-01-19,2017-01-18,1018,2017-01-20,1,True,False,True,CEO/COB
D,2017-01-19 16:58:06,2017-01-18,JPM,Lake Marianne,CFO,S+OE,$83.68,-13072.0,44711.0,-0.23,"-$1,093,822",83.68,-1093822.0,-0.0023,18/01/2017,19/01/2017,-1093864.9600000002,42.96000000019558,2017-01-19,2017-01-18,1018,2017-01-20,1,True,False,True,CFO
D,2017-01-18 16:04:00,2017-01-17,JPM,Petno Douglas B,CEO Commercial Banking,S+OE,$84.16,-6728.0,245533.0,-0.03,"-$566,195",84.16,-566195.0,-0.0003,17/01/2017,18/01/2017,-566228.48,33.47999999998137,2017-01-18,2017-01-17,964,2017-01-19,1,True,False,True,CEO/COB
D,2017-01-18 16:03:56,2017-01-17,JPM,Pinto Daniel E,MD,S+OE,$84.15,-40433.0,368991.0,-0.1,"-$3,402,506",84.15,-3402506.0,-0.001,17/01/2017,18/01/2017,-3402436.95,69.04999999981374,2017-01-18,2017-01-17,963,2017-01-19,1,True,False,True,Other
D,2017-01-18 16:03:53,2017-01-17,JPM,Erdoes Mary E.,CEO Asset Management,S+OE,$84.15,-35799.0,326878.0,-0.1,"-$3,012,593",84.15,-3012593.0,-0.001,17/01/2017,18/01/2017,-3012485.85,107.14999999990688,2017-01-18,2017-01-17,963,2017-01-19,1,True,False,True,CEO/COB
D,2017-01-18 16:03:49,2017-01-17,JPM,Donnelly John L,Dir HR,S+OE,$84.16,-6444.0,123018.0,-0.05,"-$542,314",84.16,-542314.0,-0.0005,17/01/2017,18/01/2017,-542327.0399999999,13.039999999920838,2017-01-18,2017-01-17,963,2017-01-19,1,True,False,True,Director
D,2017-01-18 16:03:45,2017-01-17,JPM,Bacon Ashley,Chief Risk Officer,S+OE,$84.15,-12986.0,53898.0,-0.19,"-$1,092,769",84.15,-1092769.0,-0.0019,17/01/2017,18/01/2017,-1092771.9,2.9000000001396984,2017-01-18,2017-01-17,963,2017-01-19,1,True,False,True,Other Chief
D,2017-01-18 16:03:41,2017-01-17,JPM,Zames Matthew E,COO,S+OE,$84.16,-42083.0,324372.0,-0.11,"-$3,541,581",84.16,-3541581.0,-0.0011,17/01/2017,18/01/2017,-3541705.28,124.27999999979512,2017-01-18,2017-01-17,963,2017-01-19,1,True,False,True,Other
,2016-11-02 16:48:59,2016-10-31,JPM,Jackson Laban,Dir,P,$69.52,40.0,168531.0,0,"+$2,781",69.52,2781.0,0.0,31/10/2016,02/11/2016,2780.8,0.2000000000002728,2016-11-02,2016-10-31,1008,2016-11-03,2,True,True,False,Director
D,2016-10-27 12:58:26,2016-10-26,JPM,O'Donovan Mark,Corporate Controller,S+OE,$69.05,-4035.0,0.0,-1,"-$278,621",69.05,-278621.0,-0.01,26/10/2016,27/10/2016,-278616.75,4.25,2016-10-27,2016-10-26,778,2016-10-27,1,True,False,True,Other
D,2016-10-27 12:57:22,2016-10-26,JPM,Friedman Stacey,GC,S+OE,$69.03,-2099.0,0.0,-1,"-$144,904",69.03,-144904.0,-0.01,26/10/2016,27/10/2016,-144893.97,10.029999999998836,2016-10-27,2016-10-26,777,2016-10-27,1,True,False,True,Other
,2016-10-18 16:12:30,2016-10-17,JPM,Lake Marianne,CFO,S,$67.26,-14083.0,16581.0,-0.46,"-$947,237",67.26,-947237.0,-0.0046,17/10/2016,18/10/2016,-947222.58,14.419999999925494,2016-10-18,2016-10-17,972,2016-10-19,1,True,False,True,CFO
,2016-10-18 16:12:03,2016-10-17,JPM,Erdoes Mary E.,CEO Asset Management,S,$67.26,-25542.0,291080.0,-0.08,"-$1,717,894",67.26,-1717894.0,-0.0008,17/10/2016,18/10/2016,-1717954.9200000002,60.920000000158325,2016-10-18,2016-10-17,972,2016-10-19,1,True,False,True,CEO/COB
,2016-07-18 15:44:57,2016-07-15,JPM,Zames Matthew E,COO,S,$63.91,-3991.0,282287.0,-0.01,"-$255,059",63.91,-255059.0,-0.0001,15/07/2016,18/07/2016,-255064.81,5.809999999997672,2016-07-18,2016-07-15,944,2016-07-18,3,True,False,True,Other
,2016-07-18 15:44:53,2016-07-15,JPM,Smith Gordon,EVP,S,$64.05,-23735.0,228973.0,-0.09,"-$1,520,305",64.05,-1520305.0,-0.0009,15/07/2016,18/07/2016,-1520226.75,78.25,2016-07-18,2016-07-15,944,2016-07-18,3,True,False,True,VP
,2016-07-18 15:44:49,2016-07-15,JPM,Bacon Ashley,Chief Risk Officer,S,$63.97,-15521.0,14938.0,-0.51,"-$992,830",63.97,-992830.0,-0.0051,15/07/2016,18/07/2016,-992878.37,48.36999999999534,2016-07-18,2016-07-15,944,2016-07-18,3,True,False,True,Other Chief
,2016-04-14 17:40:00,2016-04-14,JPM,Lake Marianne,CFO,S,$62.41,-13684.0,16581.0,-0.45,"-$854,064",62.41,-854064.0,-0.0045,14/04/2016,14/04/2016,-854018.44,45.56000000005588,2016-04-14,2016-04-14,1060,2016-04-15,0,True,False,True,CFO
,2016-04-14 17:39:57,2016-04-14,JPM,Zames Matthew E,COO,S,$61.77,-45144.0,278297.0,-0.14,"-$2,788,441",61.77,-2788441.0,-0.0014,14/04/2016,14/04/2016,-2788544.8800000004,103.8800000003539,2016-04-14,2016-04-14,1059,2016-04-15,0,True,False,True,Other
,2016-04-14 17:39:55,2016-04-14,JPM,Smith Gordon,EVP,S,$62.01,-32096.0,205239.0,-0.14,"-$1,990,421",62.01,-1990421.0,-0.0014,14/04/2016,14/04/2016,-1990272.96,148.04000000003725,2016-04-14,2016-04-14,1059,2016-04-15,0,True,False,True,VP
,2016-04-14 17:39:53,2016-04-14,JPM,Pinto Daniel E,MD,S,$62.38,-28837.0,280171.0,-0.09,"-$1,798,993",62.38,-1798993.0,-0.0009,14/04/2016,14/04/2016,-1798852.06,140.93999999994412,2016-04-14,2016-04-14,1059,2016-04-15,0,True,False,True,Other
,2016-02-11 18:14:10,2016-02-11,JPM,Dimon James,"COB, CEO",P,$53.18,500000.0,6746335.0,0.08,"+$26,590,517",53.18,26590517.0,0.0008,11/02/2016,11/02/2016,26590000.0,517.0,2016-02-11,2016-02-11,1094,2016-02-12,0,True,True,False,CEO/COB
,2016-02-04 16:32:41,2016-02-04,JPM,Crown James S,Dir,P,$58.22,81.0,12779762.0,0,"+$4,716",58.22,4716.0,0.0,04/02/2016,04/02/2016,4715.82,0.180000000000291,2016-02-04,2016-02-04,992,2016-02-05,0,True,True,False,Director
,2016-01-29 17:54:19,2016-01-29,JPM,Petno Douglas B,MD,S,$59.00,-10566.0,198175.0,-0.05,"-$623,409",59.0,-623409.0,-0.0005,29/01/2016,29/01/2016,-623394.0,15.0,2016-01-29,2016-01-29,1074,2016-02-01,0,True,False,True,Other
D,2016-01-21 17:36:38,2016-01-20,JPM,Petno Douglas B,MD,S+OE,$55.71,-10566.0,208741.0,-0.05,"-$588,584",55.71,-588584.0,-0.0005,20/01/2016,21/01/2016,-588631.86,47.85999999998603,2016-01-21,2016-01-20,1056,2016-01-22,1,True,False,True,Other
D,2016-01-21 17:36:36,2016-01-20,JPM,Erdoes Mary E.,MD,S+OE,$55.27,-49349.0,265539.0,-0.16,"-$2,727,667",55.27,-2727667.0,-0.0016,20/01/2016,21/01/2016,-2727519.23,147.77000000001863,2016-01-21,2016-01-20,1056,2016-01-22,1,True,False,True,Other
,2016-01-15 18:00:08,2016-01-15,JPM,Crown James S,Dir,P,$56.46,14918.0,12775750.0,0,"+$842,315",56.46,842315.0,0.0,15/01/2016,15/01/2016,842270.28,44.71999999997206,2016-01-15,2016-01-15,1080,2016-01-19,0,True,True,False,Director
D,2016-01-15 18:00:06,2016-01-15,JPM,O'Donovan Mark,Corporate Controller,S+OE,$56.82,-6553.0,794.0,-0.89,"-$372,322",56.82,-372322.0,-0.0089,15/01/2016,15/01/2016,-372341.46,19.460000000020955,2016-01-15,2016-01-15,1080,2016-01-19,0,True,False,True,Other
D,2016-01-15 18:00:04,2016-01-15,JPM,Bacon Ashley,Chief Risk Officer,S+OE,$56.81,-4979.0,23902.0,-0.17,"-$282,841",56.81,-282841.0,-0.0017,15/01/2016,15/01/2016,-282856.99,15.989999999990689,2016-01-15,2016-01-15,1080,2016-01-19,0,True,False,True,Other Chief
D,2016-01-15 18:00:03,2016-01-15,JPM,Friedman Stacey,GC,S+OE,$56.81,-7296.0,0.0,-1,"-$414,474",56.81,-414474.0,-0.01,15/01/2016,15/01/2016,-414485.76,11.760000000009311,2016-01-15,2016-01-15,1080,2016-01-19,0,True,False,True,Other
D,2016-01-15 18:00:01,2016-01-15,JPM,Donnelly John L,Dir HR,S+OE,$56.81,-7093.0,116187.0,-0.06,"-$402,967",56.81,-402967.0,-0.0006,15/01/2016,15/01/2016,-402953.33,13.669999999983702,2016-01-15,2016-01-15,1080,2016-01-19,0,True,False,True,Director
M,2015-10-30 16:18:31,2015-10-21,JPM,Dimon James,"COB, CEO",P,$63.07,800.0,6125800.0,0,"+$50,452",63.07,50452.0,0.0,21/10/2015,30/10/2015,50456.0,4.0,2015-10-30,2015-10-21,978,2015-11-02,9,True,True,False,CEO/COB
D,2015-10-26 17:23:18,2015-10-26,JPM,O'Donovan Mark,Corporate Controller,S+OE,$63.68,-1144.0,790.0,-0.59,"-$72,846",63.68,-72846.0,-0.0059,26/10/2015,26/10/2015,-72849.92,3.9199999999982538,2015-10-26,2015-10-26,1043,2015-10-27,0,True,False,True,Other
,2015-10-22 16:07:14,2015-10-21,JPM,Jackson Laban,Dir,S,"$1,037.81",-400.0,0.0,-1,"-$415,124",1037.81,-415124.0,-0.01,21/10/2015,22/10/2015,-415124.0,0.0,2015-10-22,2015-10-21,967,2015-10-23,1,True,False,True,Director
,2015-10-14 17:07:06,2015-10-14,JPM,Cutler Stephen M,GC,S,$60.63,-7217.0,223138.0,-0.03,"-$437,532",60.63,-437532.0,-0.0003,14/10/2015,14/10/2015,-437566.71,34.710000000020955,2015-10-14,2015-10-14,1027,2015-10-15,0,True,False,True,Other
,2015-07-15 17:25:56,2015-07-15,JPM,Lake Marianne,CFO,S,$69.07,-32468.0,5282.0,-0.86,"-$2,242,532",69.07,-2242532.0,-0.0086,15/07/2015,15/07/2015,-2242564.76,32.75999999977648,2015-07-15,2015-07-15,1045,2015-07-16,0,True,False,True,CFO
,2015-07-15 17:25:54,2015-07-15,JPM,Erdoes Mary E.,MD,S,$69.07,-13022.0,216190.0,-0.06,"-$899,426",69.07,-899426.0,-0.0006,15/07/2015,15/07/2015,-899429.5399999999,3.5399999999208376,2015-07-15,2015-07-15,1045,2015-07-16,0,True,False,True,Other
,2015-07-15 17:25:53,2015-07-15,JPM,Cutler Stephen M,GC,S,$69.08,-5376.0,222994.0,-0.02,"-$371,347",69.08,-371347.0,-0.0002,15/07/2015,15/07/2015,-371374.08,27.080000000016295,2015-07-15,2015-07-15,1045,2015-07-16,0,True,False,True,Other
,2015-07-15 17:25:51,2015-07-15,JPM,Bacon Ashley,Chief Risk Officer,S,$69.07,-32882.0,0.0,-1,"-$2,271,153",69.07,-2271153.0,-0.01,15/07/2015,15/07/2015,-2271159.74,6.739999999757856,2015-07-15,2015-07-15,1045,2015-07-16,0,True,False,True,Other Chief
,2015-04-15 17:15:51,2015-04-15,JPM,Zames Matthew E,COO,S,$64.08,-4258.0,233154.0,-0.02,"-$272,837",64.08,-272837.0,-0.0002,15/04/2015,15/04/2015,-272852.64,15.64000000001397,2015-04-15,2015-04-15,1035,2015-04-16,0,True,False,True,Other
,2015-04-15 17:15:49,2015-04-15,JPM,Cutler Stephen M,GC,S,$64.09,-18617.0,206867.0,-0.08,"-$1,193,089",64.09,-1193089.0,-0.0008,15/04/2015,15/04/2015,-1193163.53,74.53000000002794,2015-04-15,2015-04-15,1035,2015-04-16,0,True,False,True,Other
,2015-02-17 17:33:51,2015-02-13,JPM,Lake Marianne,CFO,S,$60.01,-2826.0,37750.0,-0.07,"-$169,598",60.01,-169598.0,-0.0007,13/02/2015,17/02/2015,-169588.25999999998,9.74000000001979,2015-02-17,2015-02-13,1053,2015-02-18,4,True,False,True,CFO
,2015-01-23 16:16:59,2015-01-22,JPM,Zames Matthew E,COO,S,$56.92,-37760.0,228897.0,-0.14,"-$2,149,341",56.92,-2149341.0,-0.0014,22/01/2015,23/01/2015,-2149299.2,41.799999999813735,2015-01-23,2015-01-22,976,2015-01-26,1,True,False,True,Other
,2015-01-23 16:16:57,2015-01-22,JPM,Smith Gordon,EVP,S,$56.92,-29238.0,173143.0,-0.14,"-$1,664,259",56.92,-1664259.0,-0.0014,22/01/2015,23/01/2015,-1664226.96,32.04000000003725,2015-01-23,2015-01-22,976,2015-01-26,1,True,False,True,VP
,2015-01-23 16:16:56,2015-01-22,JPM,Pinto Daniel E,MD,S,$56.92,-88708.0,251369.0,-0.26,"-$5,049,384",56.92,-5049384.0,-0.0026,22/01/2015,23/01/2015,-5049259.36,124.63999999966472,2015-01-23,2015-01-22,976,2015-01-26,1,True,False,True,Other
,2015-01-23 16:16:54,2015-01-22,JPM,Erdoes Mary E.,MD,S,$56.92,-77842.0,203169.0,-0.28,"-$4,430,813",56.92,-4430813.0,-0.0028,22/01/2015,23/01/2015,-4430766.640000001,46.35999999940395,2015-01-23,2015-01-22,976,2015-01-26,1,True,False,True,Other
,2015-01-16 16:50:57,2015-01-15,JPM,Neal Michael A,Dir,P,$55.07,9050.0,14525.0,1.65,"+$498,384",55.07,498384.0,0.0165,15/01/2015,16/01/2015,498383.5,0.5,2015-01-16,2015-01-15,1010,2015-01-20,1,True,True,False,Director
D,2015-01-15 19:03:09,2015-01-15,JPM,Zames Matthew E,COO,S+OE,$55.37,-17557.0,266657.0,-0.06,"-$972,184",55.37,-972184.0,-0.0006,15/01/2015,15/01/2015,-972131.09,52.9100000000326,2015-01-15,2015-01-15,1143,2015-01-16,0,True,False,True,Other
D,2015-01-15 19:03:08,2015-01-15,JPM,Petno Douglas B,MD,S+OE,$55.37,-17378.0,178790.0,-0.09,"-$962,244",55.37,-962244.0,-0.0009,15/01/2015,15/01/2015,-962219.86,24.14000000001397,2015-01-15,2015-01-15,1143,2015-01-16,0,True,False,True,Other
D,2015-01-15 19:03:06,2015-01-15,JPM,O'Donovan Mark,Corporate Controller,S+OE,$55.35,-4808.0,775.0,-0.86,"-$266,146",55.35,-266146.0,-0.0086,15/01/2015,15/01/2015,-266122.8,23.20000000001164,2015-01-15,2015-01-15,1143,2015-01-16,0,True,False,True,Other
D,2015-01-15 19:03:04,2015-01-15,JPM,Donnelly John L,Dir HR,S+OE,$55.35,-5396.0,94910.0,-0.05,"-$298,680",55.35,-298680.0,-0.0005,15/01/2015,15/01/2015,-298668.60000000003,11.399999999965075,2015-01-15,2015-01-15,1143,2015-01-16,0,True,False,True,Director
D,2015-01-15 19:03:03,2015-01-15,JPM,Cutler Stephen M,GC,S+OE,$55.37,-23027.0,225484.0,-0.09,"-$1,274,961",55.37,-1274961.0,-0.0009,15/01/2015,15/01/2015,-1275004.99,43.98999999999069,2015-01-15,2015-01-15,1143,2015-01-16,0,True,False,True,Other
D,2015-01-15 19:03:01,2015-01-15,JPM,Bacon Ashley,Chief Risk Officer,S+OE,$55.35,-4860.0,32882.0,-0.13,"-$269,023",55.35,-269023.0,-0.0013,15/01/2015,15/01/2015,-269001.0,22.0,2015-01-15,2015-01-15,1143,2015-01-16,0,True,False,True,Other Chief
